iter,loss,avg_turns,p0_wins,p1_wins,buffer_size,bench_turns,bench_score,gen_time,train_time
iter,loss,avg_turns,p0_wins,p1_wins,buffer_size,bench_turns,bench_score,gen_time,train_time
0,3.5521,13.1,8,8,3033,8.0,3.0,24.1,3.8
1,2.9025,12.5,5,10,12963,0.0,0.0,23.4,42.9,0.1952,2.7073,0.0
2,2.8335,9.1,10,5,14538,0.0,0.0,18.0,42.5,0.1878,2.6457,0.0
3,2.8545,11.1,6,8,16358,0.0,0.0,19.7,42.5,0.1892,2.6653,0.0
4,2.8458,11.2,10,4,18099,0.0,0.0,20.5,43.8,0.1908,2.6550,0.0
5,2.8448,14.1,7,7,20157,0.0,0.0,29.1,42.5,0.1924,2.6524,0.0
6,2.8528,11.8,8,8,22009,0.0,0.0,23.9,42.5,0.1986,2.6542,0.0
7,2.8651,10.9,9,7,23803,0.0,0.0,26.1,42.6,0.2008,2.6643,0.0
8,2.8407,10.4,8,8,25542,0.0,0.0,18.1,43.1,0.2046,2.6362,0.0
9,2.8506,9.3,10,6,27112,0.0,0.0,18.4,42.6,0.2081,2.6425,0.0
6,2.8571,12.5,4,10,32872,0.0,0.0,21.1,45.6,0.2087,2.6485,0.0,0.000069,0.9972,0.0000
7,2.8517,12.9,8,6,34871,0.0,0.0,24.0,45.0,0.2080,2.6437,0.0,0.000079,0.9968,0.0000
8,2.8287,15.2,7,9,37082,0.0,0.0,27.1,44.8,0.2109,2.6178,0.0,0.000089,0.9963,0.0000
6,2.8576,15.5,5,8,41160,0.0,0.0,26.2,87.8,0.2127,2.6449,0.0,0.000069,0.9972,0.0000
7,2.8495,13.8,5,9,43186,0.0,0.0,27.7,86.8,0.2125,2.6370,0.0,0.000079,0.9968,0.0000
8,2.8318,14.8,4,9,45308,0.0,0.0,25.8,13.6,0.2112,2.6206,0.0,0.000089,0.9963,0.0000
9,2.8324,15.8,4,7,47481,0.0,0.0,28.5,13.5,0.2070,2.6254,0.0,0.000099,0.9959,0.0000
6,2.8382,17.0,6,5,51399,0.0,0.0,28.3,15.1,0.2048,2.6334,0.0,0.000069,0.9972,0.0000
7,2.8262,16.6,7,5,53734,0.0,0.0,22.4,13.8,0.2026,2.6236,0.0,0.000079,0.9968,0.0000
8,2.8180,16.4,10,1,56025,0.0,0.0,28.9,13.6,0.2012,2.6168,0.0,0.000089,0.9963,0.0000
9,2.8169,16.2,5,8,58346,0.0,0.0,30.7,13.7,0.1987,2.6183,0.0,0.000099,0.9959,0.0000
6,2.8306,18.3,4,6,62547,0.0,0.0,57.8,16.2,0.1977,2.6329,0.000069,0.9972
7,2.8111,16.8,6,7,64944,0.0,0.0,49.4,13.9,0.1984,2.6128,0.000079,0.9968
8,2.8004,13.4,7,7,66922,0.0,0.0,25.5,13.6,0.1973,2.6031,0.000089,0.9963
9,2.8016,15.3,8,5,69114,0.0,0.0,23.2,13.6,0.1970,2.6046,0.000099,0.9959
10,2.7978,14.9,5,8,71183,15.6,4.0,21.7,13.5,0.1972,2.6006,0.000109,0.9954
11,2.8043,14.3,7,5,73041,0.0,0.0,18.5,14.8,0.1983,2.6060,0.000119,0.9949
12,2.8090,14.7,8,6,75205,0.0,0.0,25.3,14.0,0.1979,2.6111,0.000129,0.9945
13,2.8049,15.5,7,6,77426,0.0,0.0,25.9,13.7,0.1974,2.6075,0.000139,0.9940
14,2.8018,15.3,7,8,79584,0.0,0.0,28.8,13.7,0.1985,2.6033,0.000149,0.9936
15,2.8121,14.3,9,5,81677,0.0,0.0,24.7,13.7,0.1993,2.6127,0.000159,0.9931
16,2.8124,13.1,10,5,83661,0.0,0.0,19.0,13.6,0.1990,2.6134,0.000168,0.9927
17,2.8075,16.5,8,5,85978,0.0,0.0,24.1,13.6,0.1984,2.6091,0.000178,0.9922
18,2.7899,16.0,10,3,88256,0.0,0.0,21.3,13.6,0.1988,2.5911,0.000188,0.9917
19,2.8090,14.9,6,8,90467,0.0,0.0,20.7,13.6,0.1997,2.6094,0.000198,0.9913
20,2.8096,16.4,2,9,92681,16.4,3.9,19.0,13.6,0.1964,2.6132,0.000208,0.9908
21,2.7938,14.1,9,5,94810,0.0,0.0,17.0,13.6,0.1983,2.5955,0.000218,0.9904
22,2.7967,14.5,7,7,96920,0.0,0.0,16.8,13.5,0.1979,2.5988,0.000228,0.9899
23,2.7698,13.7,1,14,98992,0.0,0.0,17.9,13.4,0.1983,2.5714,0.000238,0.9895
24,2.7261,12.1,8,7,100850,0.0,0.0,16.4,13.4,0.1991,2.5270,0.000248,0.9890
25,2.6760,13.5,4,10,102853,0.0,0.0,15.3,13.5,0.2007,2.4753,0.000258,0.9886
26,2.6180,14.2,7,7,104875,0.0,0.0,17.8,13.5,0.2025,2.4155,0.000267,0.9881
27,2.6204,16.1,6,8,107195,0.0,0.0,18.9,13.5,0.1999,2.4205,0.000277,0.9876
28,2.5569,16.4,7,5,109557,0.0,0.0,18.8,13.4,0.1997,2.3573,0.000287,0.9872
29,2.4948,15.4,5,8,111785,0.0,0.0,18.5,13.5,0.2011,2.2938,0.000297,0.9867
30,2.4604,17.6,7,6,114272,16.2,4.0,20.7,13.5,0.1993,2.2611,0.000307,0.9863
31,2.4471,15.5,6,7,116446,0.0,0.0,19.3,13.4,0.1995,2.2476,0.000317,0.9858
32,2.4138,13.5,3,11,118449,0.0,0.0,16.9,13.4,0.1988,2.2150,0.000327,0.9854
33,2.3441,15.0,11,4,120624,0.0,0.0,18.2,13.6,0.2002,2.1439,0.000337,0.9849
34,2.2838,16.6,8,4,122901,0.0,0.0,18.8,13.6,0.1994,2.0844,0.000347,0.9845
35,2.1308,16.3,5,7,125230,0.0,0.0,22.6,13.6,0.1987,1.9320,0.000357,0.9840
36,1.7866,14.3,10,5,127288,0.0,0.0,15.8,13.5,0.2003,1.5863,0.000366,0.9836
37,1.6603,15.9,7,6,129538,0.0,0.0,17.8,13.6,0.1980,1.4623,0.000376,0.9831
38,1.6350,13.0,7,8,131482,0.0,0.0,16.0,13.6,0.2007,1.4343,0.000386,0.9827
39,1.5911,14.5,5,9,133619,0.0,0.0,17.0,14.4,0.1997,1.3914,0.000396,0.9822
40,2.2795,14.0,7,7,135649,15.9,3.9,17.3,14.4,0.1996,2.0799,0.000406,0.9817
41,2.0697,14.6,6,6,137749,0.0,0.0,17.6,14.4,0.1997,1.8700,0.000416,0.9813
42,1.7399,15.3,9,5,139902,0.0,0.0,19.1,14.4,0.1996,1.5403,0.000426,0.9808
43,1.6270,19.5,2,8,142480,0.0,0.0,20.4,14.4,0.1995,1.4276,0.000436,0.9804
44,1.5775,17.5,4,7,144921,0.0,0.0,18.6,14.4,0.1979,1.3796,0.000446,0.9799
45,1.5598,17.4,7,5,147401,0.0,0.0,19.3,14.4,0.1957,1.3641,0.000456,0.9795
46,1.5409,16.6,6,6,149713,0.0,0.0,19.3,14.4,0.1967,1.3442,0.000465,0.9790
47,1.5341,13.9,7,7,151701,0.0,0.0,16.2,14.4,0.1969,1.3372,0.000475,0.9786
48,1.5158,15.6,5,8,153988,0.0,0.0,18.1,14.4,0.1962,1.3195,0.000485,0.9781
49,1.5296,15.1,7,6,156212,0.0,0.0,17.5,14.4,0.1977,1.3319,0.000495,0.9777
50,1.5260,16.8,5,7,158621,14.3,4.0,19.8,14.4,0.1975,1.3285,0.000505,0.9772
51,1.5286,16.2,4,8,160879,0.0,0.0,19.2,14.4,0.1972,1.3314,0.000515,0.9768
52,1.9846,15.9,3,8,163080,0.0,0.0,17.7,14.4,0.1956,1.7890,0.000525,0.9763
53,1.8564,16.2,6,7,165317,0.0,0.0,17.7,14.4,0.1959,1.6604,0.000535,0.9759
54,1.6262,15.9,4,6,167532,0.0,0.0,17.5,14.4,0.1936,1.4325,0.000545,0.9754
55,1.5566,14.4,5,7,169529,0.0,0.0,16.5,14.4,0.1949,1.3617,0.000554,0.9750
56,1.5197,15.2,6,6,171673,0.0,0.0,18.0,14.4,0.1926,1.3271,0.000564,0.9745
57,1.5046,12.6,4,10,173600,0.0,0.0,15.6,14.4,0.1928,1.3118,0.000574,0.9741
58,1.5009,15.0,9,4,175738,0.0,0.0,18.6,14.4,0.1926,1.3083,0.000584,0.9736
59,1.4789,15.6,5,8,178007,0.0,0.0,18.6,14.4,0.1936,1.2853,0.000594,0.9732
60,1.4951,14.8,9,4,180130,14.8,4.3,17.6,14.4,0.1936,1.3015,0.000604,0.9727
61,1.4677,14.4,9,6,182196,0.0,0.0,16.2,14.4,0.1935,1.2742,0.000614,0.9723
62,1.4695,15.7,5,8,184452,0.0,0.0,18.1,14.4,0.1926,1.2769,0.000624,0.9719
63,1.4779,13.8,7,8,186511,0.0,0.0,16.8,14.4,0.1936,1.2843,0.000634,0.9714
64,1.4740,13.7,10,6,188524,0.0,0.0,16.5,14.4,0.1939,1.2801,0.000644,0.9710
65,1.4705,17.2,6,6,190861,0.0,0.0,19.3,14.4,0.1941,1.2764,0.000654,0.9705
66,1.4640,13.6,6,7,192849,0.0,0.0,15.1,14.1,0.1932,1.2708,0.000663,0.9701
67,1.4559,14.7,5,8,194984,0.0,0.0,17.8,14.4,0.1942,1.2617,0.000673,0.9696
68,1.4717,16.0,5,6,197192,0.0,0.0,18.9,14.4,0.1931,1.2787,0.000683,0.9692
69,1.4453,14.4,6,9,199280,0.0,0.0,16.0,14.4,0.1938,1.2515,0.000693,0.9687
70,1.4635,14.6,7,7,201423,14.8,4.3,16.8,14.4,0.1940,1.2696,0.000703,0.9683
71,1.4352,14.9,5,8,203592,0.0,0.0,18.4,14.4,0.1943,1.2409,0.000713,0.9678
72,1.4570,15.3,8,5,205753,0.0,0.0,16.1,14.4,0.1943,1.2627,0.000723,0.9674
73,1.4591,19.6,6,3,208408,0.0,0.0,21.8,14.4,0.1929,1.2662,0.000733,0.9669
74,1.4309,19.6,6,3,210994,0.0,0.0,20.9,14.4,0.1920,1.2389,0.000743,0.9665
75,1.5150,13.6,9,5,213022,0.0,0.0,17.0,14.4,0.1932,1.3218,0.000753,0.9661
76,1.4612,17.2,4,8,215463,0.0,0.0,20.0,14.4,0.1920,1.2692,0.000762,0.9656
77,1.4233,15.6,6,7,217704,0.0,0.0,20.0,14.4,0.1911,1.2322,0.000772,0.9652
78,1.4821,17.7,7,5,220127,0.0,0.0,19.7,14.4,0.1903,1.2918,0.000782,0.9647
79,1.4294,15.1,5,9,222330,0.0,0.0,18.1,14.4,0.1916,1.2378,0.000792,0.9643
80,1.4400,16.7,5,8,224642,14.3,3.8,18.0,14.4,0.1942,1.2458,0.000802,0.9638
81,1.4523,14.4,9,5,226798,0.0,0.0,16.8,14.4,0.1918,1.2604,0.000812,0.9634
82,1.4490,13.7,8,7,228850,0.0,0.0,16.8,14.4,0.1928,1.2562,0.000822,0.9629
83,1.4722,14.1,7,7,230922,0.0,0.0,15.8,14.4,0.1928,1.2794,0.000832,0.9625
84,1.7790,16.6,5,8,233274,0.0,0.0,18.9,14.4,0.1926,1.5865,0.000842,0.9621
85,1.7498,14.9,5,7,235425,0.0,0.0,16.3,14.4,0.1942,1.5556,0.000852,0.9616
86,1.5619,17.0,5,6,237747,0.0,0.0,20.3,14.4,0.1909,1.3710,0.000861,0.9612
87,1.4995,13.6,8,6,239754,0.0,0.0,16.4,14.4,0.1920,1.3075,0.000871,0.9607
88,1.4628,15.1,4,9,241939,0.0,0.0,18.6,14.4,0.1909,1.2720,0.000881,0.9603
89,1.4659,14.5,8,7,244052,0.0,0.0,17.5,14.4,0.1915,1.2744,0.000891,0.9598
90,1.4362,14.4,7,8,246162,15.7,4.0,17.4,14.4,0.1921,1.2442,0.000901,0.9594
91,1.4451,15.9,3,11,248454,0.0,0.0,18.6,14.4,0.1916,1.2535,0.000911,0.9590
92,1.4902,15.4,7,5,250746,0.0,0.0,19.2,14.4,0.1920,1.2982,0.000921,0.9585
93,2.5134,15.0,7,8,252969,0.0,0.0,18.1,14.4,0.1939,2.3196,0.000931,0.9581
94,3.0717,12.9,9,7,254900,0.0,0.0,17.0,14.4,0.1925,2.8792,0.000941,0.9576
95,2.6861,14.8,3,10,257063,0.0,0.0,18.3,14.3,0.1923,2.4939,0.000950,0.9572
96,3.3015,14.9,6,8,259231,0.0,0.0,17.4,14.3,0.1933,3.1082,0.000960,0.9568
97,2.9592,16.8,5,7,261549,0.0,0.0,18.8,14.3,0.1931,2.7661,0.000970,0.9563
98,2.8223,15.2,5,9,263760,0.0,0.0,17.9,14.3,0.1923,2.6300,0.000980,0.9559
99,2.7935,14.4,8,5,265865,0.0,0.0,16.8,14.3,0.1919,2.6017,0.000990,0.9554
100,2.7904,15.9,5,7,268101,14.7,3.9,18.0,14.3,0.1913,2.5992,0.001000,0.9550
101,2.7922,15.3,4,10,270278,0.0,0.0,16.7,14.3,0.1918,2.6004,0.001000,0.9546
102,2.7916,13.9,7,4,272261,0.0,0.0,17.4,14.3,0.1912,2.6004,0.001000,0.9541
103,2.7837,17.2,6,7,274640,0.0,0.0,19.5,14.3,0.1925,2.5912,0.001000,0.9537
104,2.7864,14.4,8,5,276687,0.0,0.0,16.9,14.3,0.1916,2.5948,0.001000,0.9532
105,2.7813,15.4,8,6,278921,0.0,0.0,17.3,14.3,0.1917,2.5896,0.001000,0.9528
106,2.7863,15.5,9,3,281087,0.0,0.0,17.6,14.3,0.1922,2.5942,0.001000,0.9524
107,2.7931,16.4,8,5,283375,0.0,0.0,17.4,14.3,0.1922,2.6009,0.001000,0.9519
108,2.7733,13.0,5,9,285351,0.0,0.0,16.4,14.3,0.1908,2.5825,0.001000,0.9515
109,2.7913,15.8,4,8,287581,0.0,0.0,17.9,14.3,0.1916,2.5997,0.001000,0.9510
110,2.7843,13.8,6,7,289596,15.5,3.8,16.5,14.3,0.1916,2.5927,0.001000,0.9506
111,2.7887,14.3,7,7,291719,0.0,0.0,17.9,14.3,0.1920,2.5968,0.001000,0.9502
112,2.7960,14.6,4,9,293830,0.0,0.0,18.3,14.3,0.1920,2.6040,0.001000,0.9497
113,2.7872,12.1,6,7,295685,0.0,0.0,16.3,14.3,0.1903,2.5970,0.001000,0.9493
114,2.7850,13.7,4,10,297652,0.0,0.0,16.1,14.3,0.1912,2.5939,0.001000,0.9489
115,2.7875,17.0,4,6,299999,0.0,0.0,20.0,14.3,0.1912,2.5963,0.001000,0.9484
116,2.7862,14.2,9,4,302063,0.0,0.0,17.1,14.3,0.1916,2.5946,0.001000,0.9480
117,2.7873,15.2,7,8,304285,0.0,0.0,16.7,14.3,0.1906,2.5967,0.001000,0.9475
118,2.7832,14.3,6,8,306390,0.0,0.0,16.2,14.3,0.1920,2.5912,0.001000,0.9471
119,2.7807,12.9,9,5,308323,0.0,0.0,16.6,14.3,0.1918,2.5889,0.001000,0.9467
120,2.7837,16.4,9,3,310565,15.8,4.2,18.2,14.3,0.1910,2.5927,0.001000,0.9462
121,2.7948,13.3,10,4,312487,0.0,0.0,16.5,14.3,0.1925,2.6022,0.001000,0.9458
122,2.7874,14.3,8,4,314550,0.0,0.0,18.7,14.3,0.1910,2.5965,0.001000,0.9454
123,2.7779,15.3,8,4,316693,0.0,0.0,17.0,14.3,0.1905,2.5874,0.001000,0.9449
124,2.7875,18.6,6,6,319248,0.0,0.0,20.5,14.3,0.1924,2.5951,0.001000,0.9445
125,2.7957,16.9,7,6,321622,0.0,0.0,18.6,14.3,0.1908,2.6049,0.001000,0.9441
126,2.7885,16.4,6,7,323984,0.0,0.0,19.6,14.3,0.1912,2.5973,0.001000,0.9436
127,2.7878,14.8,6,7,326119,0.0,0.0,16.3,14.3,0.1919,2.5959,0.001000,0.9432
128,2.7825,14.3,9,4,328232,0.0,0.0,17.5,14.3,0.1910,2.5915,0.001000,0.9428
129,2.7847,13.9,5,9,330233,0.0,0.0,15.5,14.3,0.1908,2.5938,0.001000,0.9423
130,2.7820,14.2,7,5,332258,12.6,4.0,18.6,14.3,0.1914,2.5906,0.001000,0.9419
131,2.7780,13.0,10,5,334172,0.0,0.0,15.3,14.0,0.1923,2.5857,0.001000,0.9415
132,2.7846,14.1,4,11,336265,0.0,0.0,15.2,14.0,0.1908,2.5939,0.001000,0.9410
133,2.7841,11.8,8,5,338028,0.0,0.0,14.9,14.0,0.1919,2.5922,0.001000,0.9406
134,2.7879,16.9,4,8,340422,0.0,0.0,19.7,14.3,0.1920,2.5959,0.001000,0.9402
135,2.7819,13.6,6,9,342479,0.0,0.0,17.2,14.3,0.1912,2.5907,0.001000,0.9397
136,2.7848,16.0,6,8,344728,0.0,0.0,17.9,14.3,0.1917,2.5932,0.001000,0.9393
137,2.7847,14.5,8,6,346870,0.0,0.0,18.1,14.3,0.1929,2.5918,0.001000,0.9389
138,2.7846,14.8,9,5,348972,0.0,0.0,16.9,14.3,0.1932,2.5914,0.001000,0.9384
139,2.7871,13.4,9,5,350989,0.0,0.0,16.6,14.3,0.1914,2.5956,0.001000,0.9380
140,2.7824,14.7,3,8,353094,14.1,4.2,17.5,14.3,0.1915,2.5909,0.001000,0.9376
141,2.7806,15.4,8,6,355307,0.0,0.0,18.2,14.3,0.1922,2.5883,0.001000,0.9371
142,2.7791,14.5,8,7,357372,0.0,0.0,17.9,14.3,0.1931,2.5860,0.001000,0.9367
143,2.7843,17.9,3,7,359807,0.0,0.0,21.0,14.3,0.1913,2.5930,0.001000,0.9363
144,2.7894,15.6,6,6,361992,0.0,0.0,17.9,14.3,0.1923,2.5970,0.001000,0.9358
145,2.7690,14.9,9,3,364168,0.0,0.0,17.5,14.3,0.1911,2.5780,0.001000,0.9354
146,2.7918,14.8,8,7,366347,0.0,0.0,15.9,14.3,0.1910,2.6008,0.001000,0.9350
147,2.7749,14.6,9,4,368525,0.0,0.0,17.5,14.3,0.1919,2.5830,0.001000,0.9345
148,2.7861,12.4,9,6,370345,0.0,0.0,14.1,14.0,0.1916,2.5945,0.001000,0.9341
149,2.7841,12.1,6,10,372190,0.0,0.0,14.2,14.0,0.1918,2.5923,0.001000,0.9337
150,2.7837,14.2,7,6,374261,14.8,3.9,16.7,14.3,0.1937,2.5901,0.001000,0.9333
151,2.7850,14.6,7,9,376374,0.0,0.0,15.8,14.3,0.1938,2.5912,0.001000,0.9328
152,2.7791,16.3,9,5,378626,0.0,0.0,16.7,14.3,0.1922,2.5869,0.001000,0.9324
153,2.7810,17.2,5,7,381010,0.0,0.0,19.0,14.3,0.1927,2.5883,0.001000,0.9320
154,2.7758,15.4,4,6,383156,0.0,0.0,18.2,14.3,0.1924,2.5834,0.001000,0.9315
155,2.7739,12.9,8,4,385038,0.0,0.0,15.7,14.3,0.1921,2.5819,0.001000,0.9311
156,2.7766,13.1,4,3,386841,0.0,0.0,15.1,14.0,0.1906,2.5860,0.001000,0.9307
157,2.7917,14.9,6,7,388958,0.0,0.0,16.3,14.3,0.1919,2.5998,0.001000,0.9303
158,2.7829,16.6,4,6,391239,0.0,0.0,19.6,14.3,0.1923,2.5906,0.001000,0.9298
159,2.7802,17.8,6,5,393697,0.0,0.0,19.8,14.3,0.1914,2.5888,0.001000,0.9294
160,2.7737,14.0,8,6,395791,16.4,3.9,17.8,14.3,0.1923,2.5815,0.001000,0.9290
161,2.7700,18.2,4,9,398310,0.0,0.0,20.5,14.3,0.1908,2.5791,0.001000,0.9285
162,2.7781,14.1,5,10,400395,0.0,0.0,15.3,14.3,0.1924,2.5857,0.001000,0.9281
163,2.7716,14.6,6,9,402587,0.0,0.0,18.0,14.3,0.1922,2.5794,0.001000,0.9277
164,2.7783,13.2,10,5,404587,0.0,0.0,15.3,14.3,0.1928,2.5854,0.001000,0.9273
165,2.7697,14.2,10,6,406725,0.0,0.0,17.7,14.3,0.1925,2.5771,0.001000,0.9268
166,2.7660,15.6,6,8,408960,0.0,0.0,17.5,14.3,0.1927,2.5733,0.001000,0.9264
167,2.7882,15.8,6,6,411177,0.0,0.0,17.7,14.3,0.1926,2.5956,0.001000,0.9260
168,2.7761,17.1,6,5,413526,0.0,0.0,18.6,14.3,0.1926,2.5836,0.001000,0.9256
169,2.7726,12.1,4,9,415292,0.0,0.0,14.0,14.0,0.1917,2.5809,0.001000,0.9251
170,2.7766,17.4,4,7,417717,13.9,3.7,19.3,14.3,0.1918,2.5848,0.001000,0.9247
171,2.7743,16.6,6,7,420050,0.0,0.0,18.9,14.3,0.1936,2.5807,0.000999,0.9243
172,2.7684,15.6,5,8,422267,0.0,0.0,18.6,14.3,0.1917,2.5767,0.000999,0.9238
173,2.7713,16.5,6,6,424586,0.0,0.0,17.7,14.3,0.1913,2.5800,0.000999,0.9234
174,2.7742,14.3,5,9,426653,0.0,0.0,17.9,14.3,0.1918,2.5824,0.000999,0.9230
175,2.7729,12.6,5,10,428641,0.0,0.0,16.8,14.3,0.1917,2.5812,0.000999,0.9226
176,2.7860,15.8,3,10,430855,0.0,0.0,17.3,14.3,0.1924,2.5935,0.000999,0.9221
177,2.7763,17.1,11,3,433243,0.0,0.0,19.4,14.3,0.1923,2.5839,0.000999,0.9217
178,2.7675,13.9,7,7,435242,0.0,0.0,16.4,14.3,0.1911,2.5764,0.000999,0.9213
179,2.7756,18.8,5,5,437802,0.0,0.0,20.3,14.3,0.1923,2.5833,0.000999,0.9209
180,2.7757,16.4,4,7,440037,14.6,4.0,19.3,14.3,0.1915,2.5842,0.000999,0.9204
181,2.7792,20.0,8,3,442748,0.0,0.0,21.0,14.3,0.1918,2.5874,0.000999,0.9200
182,2.7792,15.4,7,4,444886,0.0,0.0,17.8,14.3,0.1903,2.5890,0.000999,0.9196
183,2.7706,16.9,8,6,447260,0.0,0.0,18.5,14.3,0.1905,2.5800,0.000999,0.9192
184,2.7493,14.8,4,9,449367,0.0,0.0,16.1,14.3,0.1908,2.5584,0.000999,0.9188
185,2.7598,13.8,4,8,451345,0.0,0.0,17.0,14.3,0.1904,2.5693,0.000999,0.9183
186,2.7738,16.0,9,3,453601,0.0,0.0,18.2,14.3,0.1920,2.5818,0.000999,0.9179
187,2.7686,16.0,9,4,455871,0.0,0.0,18.0,14.3,0.1903,2.5783,0.000999,0.9175
188,2.7828,14.6,3,9,457977,0.0,0.0,17.7,14.3,0.1893,2.5934,0.000999,0.9171
189,2.7831,16.2,7,6,460309,0.0,0.0,19.8,14.3,0.1909,2.5922,0.000999,0.9166
190,2.7752,15.8,6,9,462543,16.4,3.9,18.6,14.3,0.1908,2.5844,0.000999,0.9162
191,2.7838,14.2,6,7,464556,0.0,0.0,18.2,14.3,0.1906,2.5932,0.000999,0.9158
192,2.7674,17.9,10,2,467020,0.0,0.0,20.8,14.3,0.1902,2.5772,0.000999,0.9154
193,2.7695,11.8,15,0,468853,0.0,0.0,15.1,13.3,0.1902,2.5794,0.000999,0.9150
194,2.7675,16.1,4,9,471156,0.0,0.0,18.9,14.3,0.1896,2.5779,0.000999,0.9145
195,2.7673,16.4,8,7,473395,0.0,0.0,18.4,14.3,0.1912,2.5761,0.000999,0.9141
196,2.7701,15.5,7,6,475581,0.0,0.0,16.4,14.3,0.1910,2.5791,0.000999,0.9137
197,2.7679,13.0,6,9,477542,0.0,0.0,16.2,14.3,0.1923,2.5756,0.000999,0.9133
198,2.7790,15.6,5,9,479776,0.0,0.0,18.5,14.3,0.1916,2.5874,0.000999,0.9129
199,2.7800,13.4,3,9,481705,0.0,0.0,16.0,14.3,0.1907,2.5893,0.000999,0.9124
200,2.7686,16.4,7,8,483970,15.7,4.0,18.0,14.3,0.1908,2.5779,0.000999,0.9120
201,2.7805,15.1,8,4,486107,0.0,0.0,17.5,14.3,0.1914,2.5890,0.000999,0.9116
202,2.7670,18.4,5,7,488612,0.0,0.0,20.9,14.3,0.1901,2.5769,0.000999,0.9112
203,2.7614,13.1,6,9,490543,0.0,0.0,16.0,14.3,0.1898,2.5716,0.000999,0.9108
204,2.7660,18.4,6,4,493072,0.0,0.0,20.9,14.3,0.1899,2.5761,0.000999,0.9103
205,2.7752,15.6,6,7,495286,0.0,0.0,17.2,14.3,0.1904,2.5848,0.000999,0.9099
206,2.7704,15.3,6,7,497448,0.0,0.0,17.5,14.3,0.1907,2.5797,0.000999,0.9095
207,2.7751,15.9,8,4,499720,0.0,0.0,18.8,14.3,0.1910,2.5841,0.000999,0.9091
208,2.7737,15.8,7,6,501978,0.0,0.0,18.2,14.3,0.1904,2.5833,0.000999,0.9087
209,2.7867,15.0,4,7,504065,0.0,0.0,17.4,14.3,0.1911,2.5955,0.000999,0.9082
210,2.7636,16.1,5,7,506345,14.7,4.0,18.3,14.3,0.1907,2.5729,0.000999,0.9078
211,2.7683,16.4,6,8,508677,0.0,0.0,19.1,14.3,0.1908,2.5774,0.000999,0.9074
212,2.7641,15.9,6,5,510838,0.0,0.0,16.9,14.3,0.1902,2.5739,0.000999,0.9070
213,2.7639,14.3,10,4,512893,0.0,0.0,17.3,14.3,0.1913,2.5726,0.000999,0.9066
214,2.7750,12.9,8,6,514799,0.0,0.0,16.1,14.3,0.1898,2.5851,0.000999,0.9061
215,2.7776,13.4,8,7,516718,0.0,0.0,15.2,14.3,0.1898,2.5878,0.000999,0.9057
216,2.7648,14.1,7,8,518767,0.0,0.0,17.0,14.3,0.1919,2.5729,0.000999,0.9053
217,2.7715,15.4,6,4,520883,0.0,0.0,17.7,14.3,0.1914,2.5801,0.000999,0.9049
218,2.7670,16.6,6,8,523193,0.0,0.0,18.4,14.3,0.1905,2.5765,0.000999,0.9045
219,2.7686,14.2,9,5,525319,0.0,0.0,17.6,14.3,0.1909,2.5777,0.000999,0.9041
220,2.7677,13.5,7,9,527331,15.2,3.6,16.1,14.3,0.1906,2.5771,0.000999,0.9036
221,2.7699,16.2,8,5,529613,0.0,0.0,18.5,14.3,0.1919,2.5780,0.000999,0.9032
222,2.7651,16.6,6,6,531955,0.0,0.0,18.4,14.3,0.1921,2.5730,0.000998,0.9028
223,2.7668,14.5,5,6,534004,0.0,0.0,17.5,14.3,0.1920,2.5749,0.000998,0.9024
224,2.7603,15.3,5,9,536158,0.0,0.0,16.6,14.3,0.1910,2.5692,0.000998,0.9020
225,2.7765,14.7,7,6,538315,0.0,0.0,19.0,14.3,0.1914,2.5850,0.000998,0.9016
226,2.7737,16.6,8,4,540660,0.0,0.0,18.1,14.3,0.1907,2.5830,0.000998,0.9012
227,2.7703,16.0,8,4,542906,0.0,0.0,17.7,14.3,0.1898,2.5805,0.000998,0.9007
228,2.7775,15.1,9,5,545017,0.0,0.0,17.5,14.3,0.1909,2.5866,0.000998,0.9003
229,2.7759,16.6,1,10,547362,0.0,0.0,19.6,14.3,0.1906,2.5853,0.000998,0.8999
230,2.7675,13.8,7,8,549442,14.6,3.5,16.4,14.3,0.1909,2.5766,0.000998,0.8995
231,2.7700,13.6,9,6,551410,0.0,0.0,16.7,14.3,0.1905,2.5796,0.000998,0.8991
232,2.7626,15.0,2,6,553489,0.0,0.0,17.7,14.3,0.1898,2.5729,0.000998,0.8987
233,2.7705,15.8,4,8,555765,0.0,0.0,17.6,14.3,0.1907,2.5798,0.000998,0.8983
234,2.7690,14.9,6,6,557859,0.0,0.0,17.9,14.3,0.1907,2.5783,0.000998,0.8978
235,2.7725,15.9,7,6,560124,0.0,0.0,18.4,14.3,0.1903,2.5823,0.000998,0.8974
236,2.7542,17.8,5,7,562558,0.0,0.0,18.3,14.3,0.1903,2.5640,0.000998,0.8970
237,2.7618,16.4,6,6,564804,0.0,0.0,17.0,14.3,0.1899,2.5718,0.000998,0.8966
238,2.7680,17.1,4,8,567257,0.0,0.0,19.6,14.3,0.1891,2.5789,0.000998,0.8962
239,2.7677,16.3,6,6,569540,0.0,0.0,17.7,14.3,0.1903,2.5774,0.000998,0.8958
240,2.7752,15.9,11,4,571864,13.5,4.2,18.2,14.3,0.1890,2.5863,0.000998,0.8954
241,2.7646,14.9,4,10,573969,0.0,0.0,17.6,14.3,0.1897,2.5749,0.000998,0.8950
242,2.7596,14.0,5,9,576021,0.0,0.0,16.4,14.3,0.1892,2.5704,0.000998,0.8945
243,2.7593,15.5,2,10,578238,0.0,0.0,18.5,14.3,0.1901,2.5692,0.000998,0.8941
244,2.7760,12.9,12,4,580213,0.0,0.0,16.2,14.3,0.1911,2.5850,0.000998,0.8937
245,2.7694,16.6,6,8,582566,0.0,0.0,17.8,14.3,0.1903,2.5790,0.000998,0.8933
246,2.7687,15.9,6,7,584802,0.0,0.0,17.9,14.3,0.1913,2.5774,0.000998,0.8929
247,2.7799,13.7,5,9,586796,0.0,0.0,15.4,14.3,0.1905,2.5894,0.000998,0.8925
248,2.7690,15.3,4,10,589008,0.0,0.0,18.4,14.3,0.1896,2.5794,0.000998,0.8921
249,2.7652,11.9,7,6,590809,0.0,0.0,15.2,14.0,0.1897,2.5755,0.000998,0.8917
250,2.7688,15.8,9,4,593058,15.0,4.2,18.4,14.3,0.1898,2.5790,0.000998,0.8913
251,2.7653,14.7,9,6,595188,0.0,0.0,18.2,14.3,0.1904,2.5749,0.000998,0.8908
252,2.7716,18.6,5,3,597656,0.0,0.0,19.5,14.3,0.1903,2.5813,0.000998,0.8904
253,2.7726,14.9,7,5,599785,0.0,0.0,17.4,14.3,0.1896,2.5830,0.000998,0.8900
254,2.7780,17.3,8,3,602199,0.0,0.0,20.4,14.3,0.1904,2.5876,0.000998,0.8896
255,2.7662,16.6,8,5,604608,0.0,0.0,19.0,14.3,0.1905,2.5757,0.000998,0.8892
256,2.7581,18.4,8,4,607081,0.0,0.0,20.6,14.3,0.1898,2.5683,0.000998,0.8888
257,2.7601,14.0,8,6,609152,0.0,0.0,17.5,14.3,0.1897,2.5704,0.000997,0.8884
258,2.7613,13.9,6,9,611201,0.0,0.0,17.2,14.4,0.1900,2.5713,0.000997,0.8880
259,2.7701,13.9,8,6,613206,0.0,0.0,16.6,13.5,0.1910,2.5791,0.000997,0.8876
260,2.7764,14.2,9,4,615266,14.6,4.0,18.9,13.6,0.1895,2.5870,0.000997,0.8872
261,2.7624,13.8,4,7,617280,0.0,0.0,25.8,18.1,0.1899,2.5725,0.000997,0.8867
261,2.7668,16.3,2,12,619263,0.0,0.0,26.0,34.2,0.1887,2.5781,0.000997,1.0000
262,2.7674,13.6,9,5,621278,0.0,0.0,24.3,26.3,0.1892,2.5782,0.000997,1.0000
263,2.7663,15.6,5,9,623470,0.0,0.0,24.5,24.8,0.1907,2.5756,0.000997,1.0000
264,2.7619,15.8,5,7,625660,0.0,0.0,25.7,25.9,0.1895,2.5724,0.000997,1.0000
265,2.7674,13.1,9,5,627553,0.0,0.0,22.8,26.1,0.1916,2.5757,0.000997,1.0000
266,2.7719,12.5,5,10,629385,0.0,0.0,24.8,26.5,0.1902,2.5816,0.000997,1.0000
267,2.7676,13.9,6,9,631399,0.0,0.0,23.5,26.5,0.1899,2.5777,0.000997,1.0000
268,2.7635,13.4,6,9,633374,0.0,0.0,27.4,91.2,0.1898,2.5736,0.000997,1.0000
269,2.7706,16.3,4,8,635666,0.0,0.0,30.0,91.2,0.1913,2.5793,0.000997,1.0000
iter,loss,avg_turns,p0_wins,p1_wins,buffer_size,bench_turns,bench_score,gen_time,train_time,value_loss,policy_loss,lr,temperature
iter,loss,avg_turns,p0_wins,p1_wins,buffer_size,bench_turns,bench_score,gen_time,train_time,value_loss,policy_loss,lr,temperature
iter,loss,avg_turns,p0_wins,p1_wins,buffer_size,bench_turns,bench_score,gen_time,train_time,value_loss,policy_loss,lr,temperature
iter,loss,avg_turns,p0_wins,p1_wins,buffer_size,bench_turns,bench_score,gen_time,train_time,value_loss,policy_loss,lr,temperature
iter,loss,avg_turns,p0_wins,p1_wins,buffer_size,bench_turns,bench_score,gen_time,train_time,value_loss,policy_loss,lr,temperature
0,3.2558,1.4,0,0,21940,13.6,4.0,55.7,14.9,0.0038,3.2520,0.000010,1.0000
